[
    {
        "model": "auth.user",
        "pk": 1,
        "fields": {
            "password": "pbkdf2_sha256$600000$salt$hashedpassword",
            "username": "admin",
            "first_name": "Admin",
            "last_name": "User",
            "email": "admin@example.com",
            "is_staff": true,
            "is_superuser": true,
            "is_active": true,
            "date_joined": "2024-01-01T00:00:00Z",
            "last_login": "2024-01-01T00:00:00Z"
        }
    },
    {
        "model": "auth.user",
        "pk": 2,
        "fields": {
            "password": "pbkdf2_sha256$600000$salt$hashedpassword",
            "username": "lab_tech1",
            "first_name": "Lab",
            "last_name": "Technician 1",
            "email": "lab1@example.com",
            "is_staff": true,
            "is_active": true,
            "date_joined": "2024-01-01T00:00:00Z",
            "last_login": "2024-01-01T00:00:00Z"
        }
    },

    {
        "model": "lab.status",
        "pk": 1,
        "fields": {
            "name": "Pending",
            "description": "Waiting to be processed",
            "color": "yellow",
            "created_by": 1,
            "created_at": "2024-01-01T00:00:00Z"
        }
    },
    {
        "model": "lab.status",
        "pk": 2,
        "fields": {
            "name": "In Progress",
            "description": "Currently being processed",
            "color": "blue",
            "created_by": 1,
            "created_at": "2024-01-01T00:00:00Z"
        }
    },
    {
        "model": "lab.status",
        "pk": 3,
        "fields": {
            "name": "Completed",
            "description": "Processing completed",
            "color": "green",
            "created_by": 1,
            "created_at": "2024-01-01T00:00:00Z"
        }
    },

    {
        "model": "lab.testtype",
        "pk": 1,
        "fields": {
            "name": "Whole Genome Sequencing",
            "description": "Complete DNA sequencing",
            "created_at": "2024-01-01T00:00:00Z",
            "created_by": 1
        }
    },
    {
        "model": "lab.testtype",
        "pk": 2,
        "fields": {
            "name": "RNA Sequencing",
            "description": "RNA expression analysis",
            "created_at": "2024-01-01T00:00:00Z",
            "created_by": 1
        }
    },
    {
        "model": "lab.testtype",
        "pk": 3,
        "fields": {
            "name": "Exome Sequencing",
            "description": "Protein-coding region sequencing",
            "created_at": "2024-01-01T00:00:00Z",
            "created_by": 1
        }
    },
    {
        "model": "lab.testtype",
        "pk": 4,
        "fields": {
            "name": "PCR",
            "description": "Polymerase Chain Reaction",
            "created_at": "2024-01-02T00:00:00Z",
            "created_by": 1
        }
    },
    {
        "model": "lab.testtype",
        "pk": 5,
        "fields": {
            "name": "Array CGH",
            "description": "Microarray-based Comparative Genomic Hybridization",
            "created_at": "2024-01-02T00:00:00Z",
            "created_by": 1
        }
    },

    {
        "model": "lab.sampletype",
        "pk": 1,
        "fields": {
            "name": "Blood",
            "description": "Whole blood sample",
            "created_at": "2024-01-01T00:00:00Z",
            "created_by": 1
        }
    },
    {
        "model": "lab.sampletype",
        "pk": 2,
        "fields": {
            "name": "Tissue",
            "description": "Tissue biopsy",
            "created_at": "2024-01-01T00:00:00Z",
            "created_by": 1
        }
    },
    {
        "model": "lab.sampletype",
        "pk": 3,
        "fields": {
            "name": "Saliva",
            "description": "Saliva sample",
            "created_at": "2024-01-02T00:00:00Z",
            "created_by": 1
        }
    },
    {
        "model": "lab.sampletype",
        "pk": 4,
        "fields": {
            "name": "Urine",
            "description": "Urine sample",
            "created_at": "2024-01-02T00:00:00Z",
            "created_by": 1
        }
    },

    {
        "model": "lab.institution",
        "pk": 1,
        "fields": {
            "name": "Central Hospital",
            "created_at": "2024-01-01T00:00:00Z",
            "created_by": 1
        }
    },
    {
        "model": "lab.institution",
        "pk": 2,
        "fields": {
            "name": "Genomic Research Center",
            "created_at": "2024-01-01T00:00:00Z",
            "created_by": 1
        }
    },

    {
        "model": "lab.family",
        "pk": 1,
        "fields": {
            "family_id": "FAM001",
            "description": "Example family #1",
            "created_at": "2024-01-01T00:00:00Z",
            "updated_at": "2024-01-01T00:00:00Z",
            "created_by": 1
        }
    },
    {
        "model": "lab.family",
        "pk": 2,
        "fields": {
            "family_id": "FAM002",
            "description": "Example family #2",
            "created_at": "2024-01-02T00:00:00Z",
            "updated_at": "2024-01-02T00:00:00Z",
            "created_by": 1
        }
    },

    {
        "model": "lab.individual",
        "pk": 1,
        "fields": {
            "lab_id": "IND001",
            "biobank_id": "BIO001",
            "full_name": "Alice",
            "tc_identity": "12345678901",
            "birth_date": "1990-05-10",
            "icd11_code": "",
            "hpo_codes": "",
            "family": 1,
            "created_at": "2024-01-01T00:00:00Z",
            "created_by": 1,
            "status": 1,
            "diagnosis": "",
            "diagnosis_date": null
        }
    },
    {
        "model": "lab.individual",
        "pk": 2,
        "fields": {
            "lab_id": "IND002",
            "biobank_id": "BIO002",
            "full_name": "Bob",
            "tc_identity": "12345678902",
            "birth_date": "1985-02-20",
            "icd11_code": "",
            "hpo_codes": "",
            "family": 1,
            "created_at": "2024-01-01T00:00:00Z",
            "created_by": 1,
            "status": 1,
            "diagnosis": "",
            "diagnosis_date": null
        }
    },
    {
        "model": "lab.individual",
        "pk": 3,
        "fields": {
            "lab_id": "IND003",
            "biobank_id": "BIO003",
            "full_name": "Charlie",
            "tc_identity": "12345678903",
            "birth_date": "1978-08-15",
            "icd11_code": "",
            "hpo_codes": "",
            "family": 2,
            "created_at": "2024-01-02T00:00:00Z",
            "created_by": 1,
            "status": 1,
            "diagnosis": "",
            "diagnosis_date": null
        }
    },
    {
        "model": "lab.individual",
        "pk": 4,
        "fields": {
            "lab_id": "IND004",
            "biobank_id": "BIO004",
            "full_name": "Diana",
            "tc_identity": "12345678904",
            "birth_date": "1992-11-01",
            "icd11_code": "",
            "hpo_codes": "",
            "family": 2,
            "created_at": "2024-01-02T00:00:00Z",
            "created_by": 1,
            "status": 1,
            "diagnosis": "",
            "diagnosis_date": null
        }
    },
    {
        "model": "lab.individual",
        "pk": 5,
        "fields": {
            "lab_id": "IND005",
            "biobank_id": "BIO005",
            "full_name": "Eve",
            "tc_identity": "12345678905",
            "birth_date": "1975-03-12",
            "icd11_code": "",
            "hpo_codes": "",
            "family": null,
            "created_at": "2024-01-03T00:00:00Z",
            "created_by": 1,
            "status": 1,
            "diagnosis": "",
            "diagnosis_date": null
        }
    },

    {
        "model": "lab.sample",
        "fields": {
            "individual": 1,
            "sample_type": 1,
            "receipt_date": "2024-01-02",
            "status": 2,
            "sending_institution": 1,
            "isolation_by": 2,
            "sample_measurements": "6ml Blood",
            "created_at": "2024-01-02T00:00:00Z",
            "created_by": 2,
            "updated_at": "2024-01-02T00:00:00Z"
        }
    },
    {
        "model": "lab.sample",
        "pk": 2,
        "fields": {
            "individual": 2,
            "sample_type": 2,
            "status": 1,
            "status_logs": [],
            "receipt_date": "2024-01-02",
            "processing_date": null,
            "service_send_date": null,
            "data_receipt_date": null,
            "council_date": null,
            "sending_institution": 1,
            "isolation_by": 2,
            "sample_measurements": "Biopsy: 2cm x 2cm",
            "notes": [],
            "created_at": "2024-01-02T00:00:00Z",
            "created_by": 2,
            "updated_at": "2024-01-02T00:00:00Z",
            "tasks": []
        }
    },
    {
        "model": "lab.sample",
        "pk": 3,
        "fields": {
            "individual": 3,
            "sample_type": 3,
            "status": 1,
            "status_logs": [],
            "receipt_date": "2024-01-03",
            "processing_date": null,
            "service_send_date": null,
            "data_receipt_date": null,
            "council_date": null,
            "sending_institution": 2,
            "isolation_by": 2,
            "sample_measurements": "3ml Saliva",
            "notes": [],
            "created_at": "2024-01-03T00:00:00Z",
            "created_by": 2,
            "updated_at": "2024-01-03T00:00:00Z",
            "tasks": []
        }
    },
    {
        "model": "lab.sample",
        "pk": 4,
        "fields": {
            "individual": 4,
            "sample_type": 4,
            "status": 1,
            "status_logs": [],
            "receipt_date": "2024-01-04",
            "processing_date": null,
            "service_send_date": null,
            "data_receipt_date": null,
            "council_date": null,
            "sending_institution": 2,
            "isolation_by": 2,
            "sample_measurements": "10ml Urine",
            "notes": [],
            "created_at": "2024-01-04T00:00:00Z",
            "created_by": 2,
            "updated_at": "2024-01-04T00:00:00Z",
            "tasks": []
        }
    },
    {
        "model": "lab.sample",
        "pk": 5,
        "fields": {
            "individual": 5,
            "sample_type": 1,
            "status": 1,
            "status_logs": [],
            "receipt_date": "2024-01-05",
            "processing_date": null,
            "service_send_date": null,
            "data_receipt_date": null,
            "council_date": null,
            "sending_institution": 1,
            "isolation_by": 2,
            "sample_measurements": "5ml",
            "notes": [],
            "created_at": "2024-01-05T00:00:00Z",
            "created_by": 2,
            "updated_at": "2024-01-05T00:00:00Z",
            "tasks": []
        }
    },

    {
        "model": "lab.test",
        "pk": 1,
        "fields": {
            "sample": 1,
            "test_type": 1,
            "performed_date": "2024-01-02",
            "performed_by": 2,
            "status": 2,
            "created_at": "2024-01-02T00:00:00Z",
            "created_by": 1
        }
    },
    {
        "model": "lab.test",
        "pk": 2,
        "fields": {
            "sample": 1,
            "test_type": 3,
            "performed_date": "2024-01-03",
            "performed_by": 2,
            "status": 1,
            "created_at": "2024-01-03T00:00:00Z",
            "created_by": 1
        }
    },

    {
        "model": "lab.test",
        "pk": 3,
        "fields": {
            "sample": 2,
            "test_type": 1,
            "performed_date": "2024-01-05",
            "performed_by": 2,
            "status": 2,
            "created_at": "2024-01-05T00:00:00Z",
            "created_by": 1
        }
    },
    {
        "model": "lab.test",
        "pk": 4,
        "fields": {
            "sample": 2,
            "test_type": 5,
            "performed_date": "2024-01-06",
            "performed_by": 2,
            "status": 1,
            "created_at": "2024-01-06T00:00:00Z",
            "created_by": 1
        }
    },

    {
        "model": "lab.test",
        "pk": 5,
        "fields": {
            "sample": 3,
            "test_type": 2,
            "performed_date": "2024-01-07",
            "performed_by": 2,
            "status": 2,
            "created_at": "2024-01-07T00:00:00Z",
            "created_by": 1
        }
    },
    {
        "model": "lab.test",
        "pk": 6,
        "fields": {
            "sample": 3,
            "test_type": 4,
            "performed_date": "2024-01-08",
            "performed_by": 2,
            "status": 1,
            "created_at": "2024-01-08T00:00:00Z",
            "created_by": 1
        }
    },

    {
        "model": "lab.test",
        "pk": 7,
        "fields": {
            "sample": 4,
            "test_type": 1,
            "performed_date": "2024-01-10",
            "performed_by": 2,
            "status": 2,
            "created_at": "2024-01-10T00:00:00Z",
            "created_by": 1
        }
    },
    {
        "model": "lab.test",
        "pk": 8,
        "fields": {
            "sample": 4,
            "test_type": 2,
            "performed_date": "2024-01-11",
            "performed_by": 2,
            "status": 1,
            "created_at": "2024-01-11T00:00:00Z",
            "created_by": 1
        }
    },

    {
        "model": "lab.test",
        "pk": 9,
        "fields": {
            "sample": 5,
            "test_type": 5,
            "performed_date": "2024-01-12",
            "performed_by": 2,
            "status": 2,
            "created_at": "2024-01-12T00:00:00Z",
            "created_by": 1
        }
    },
    {
        "model": "lab.test",
        "pk": 10,
        "fields": {
            "sample": 5,
            "test_type": 3,
            "performed_date": "2024-01-13",
            "performed_by": 2,
            "status": 1,
            "created_at": "2024-01-13T00:00:00Z",
            "created_by": 1
        }
    },

    {
        "model": "lab.analysistype",
        "pk": 1,
        "fields": {
            "name": "Variant Calling",
            "description": "Identify genetic variants",
            "version": "1.0",
            "source_url": "",
            "results_url": "",
            "created_at": "2024-01-01T00:00:00Z",
            "created_by": 1
        }
    },
    {
        "model": "lab.analysistype",
        "pk": 2,
        "fields": {
            "name": "Expression Analysis",
            "description": "Analyze gene expression",
            "version": "1.0",
            "source_url": "",
            "results_url": "",
            "created_at": "2024-01-01T00:00:00Z",
            "created_by": 1
        }
    },
    {
        "model": "lab.analysistype",
        "pk": 3,
        "fields": {
            "name": "Copy Number Analysis",
            "description": "Assess copy number variations",
            "version": "1.0",
            "source_url": "",
            "results_url": "",
            "created_at": "2024-01-02T00:00:00Z",
            "created_by": 1
        }
    },
    {
        "model": "lab.analysistype",
        "pk": 4,
        "fields": {
            "name": "Splicing Analysis",
            "description": "Assess splicing variants",
            "version": "1.0",
            "source_url": "",
            "results_url": "",
            "created_at": "2024-01-02T00:00:00Z",
            "created_by": 1
        }
    },

    {
        "model": "lab.project",
        "pk": 1,
        "fields": {
            "name": "Rare Disease Study",
            "description": "Investigating multiple rare genetic conditions",
            "due_date": "2024-12-31",
            "is_completed": false,
            "created_by": 1,
            "created_at": "2024-01-01T00:00:00Z",
            "updated_at": "2024-01-01T00:00:00Z",
            "priority": "high"
        }
    },
    {
        "model": "lab.project",
        "pk": 2,
        "fields": {
            "name": "Cancer Research",
            "description": "Analyzing tumor samples for genomic variations",
            "due_date": "2024-09-30",
            "is_completed": false,
            "created_by": 1,
            "created_at": "2024-01-03T00:00:00Z",
            "updated_at": "2024-01-03T00:00:00Z",
            "priority": "medium"
        }
    },

    {
        "model": "lab.task",
        "pk": 1,
        "fields": {
            "project": 1,
            "title": "Process Sample 1",
            "description": "Complete WGS and exome analysis",
            "assigned_to": 2,
            "created_by": 1,
            "created_at": "2024-01-02T00:00:00Z",
            "updated_at": "2024-01-02T00:00:00Z",
            "due_date": "2024-02-01T00:00:00Z",
            "priority": "high",
            "is_completed": false,
            "completed_at": null,
            "completed_by": null,
            "target_status": 3,
            "content_type": null,
            "object_id": null
        }
    },
    {
        "model": "lab.task",
        "pk": 2,
        "fields": {
            "project": 2,
            "title": "Validate Saliva Sample",
            "description": "Run PCR on saliva sample",
            "assigned_to": 2,
            "created_by": 1,
            "created_at": "2024-01-03T00:00:00Z",
            "updated_at": "2024-01-03T00:00:00Z",
            "due_date": "2024-02-15T00:00:00Z",
            "priority": "medium",
            "is_completed": false,
            "completed_at": null,
            "completed_by": null,
            "target_status": 2,
            "content_type": null,
            "object_id": null,
            "notes": []
        }
    },

    {
        "model": "lab.note",
        "pk": 1,
        "fields": {
            "content": "Sample #1 looks good.",
            "created_at": "2024-01-02T00:00:00Z",
            "updated_at": "2024-01-02T00:00:00Z",
            "user": 2,
            "content_type": null,
            "object_id": null
        }
    },
    {
        "model": "lab.note",
        "pk": 2,
        "fields": {
            "content": "Check results carefully.",
            "created_at": "2024-01-05T00:00:00Z",
            "updated_at": "2024-01-05T00:00:00Z",
            "user": 1,
            "content_type": null,
            "object_id": null
        }
    }
]
