[
    {
        "model": "lab.sampletype",
        "pk": 1,
        "fields": {
            "name": "Blood",
            "description": "Whole blood sample",
            "created_at": "2024-03-15T10:00:00Z",
            "created_by": 1
        }
    },
    {
        "model": "lab.sampletype",
        "pk": 2,
        "fields": {
            "name": "Tissue",
            "description": "Tissue biopsy sample",
            "created_at": "2024-03-15T10:00:00Z",
            "created_by": 1
        }
    },
    {
        "model": "lab.sampletype",
        "pk": 3,
        "fields": {
            "name": "Saliva",
            "description": "Saliva sample for DNA extraction",
            "created_at": "2024-03-15T10:00:00Z",
            "created_by": 1
        }
    },
    {
        "model": "lab.sampletype",
        "pk": 4,
        "fields": {
            "name": "Urine",
            "description": "Urine sample for metabolic analysis",
            "created_at": "2024-03-15T10:00:00Z",
            "created_by": 1
        }
    },
    {
        "model": "lab.sampletype",
        "pk": 5,
        "fields": {
            "name": "CSF",
            "description": "Cerebrospinal fluid sample",
            "created_at": "2024-03-15T10:00:00Z",
            "created_by": 1
        }
    },
    {
        "model": "lab.testtype",
        "pk": 1,
        "fields": {
            "name": "Whole Genome Sequencing",
            "description": "Complete genome sequencing analysis",
            "created_at": "2024-03-15T10:00:00Z",
            "created_by": 1
        }
    },
    {
        "model": "lab.testtype",
        "pk": 2,
        "fields": {
            "name": "Exome Sequencing",
            "description": "Targeted exome sequencing",
            "created_at": "2024-03-15T10:00:00Z",
            "created_by": 1
        }
    },
    {
        "model": "lab.testtype",
        "pk": 3,
        "fields": {
            "name": "RNA Sequencing",
            "description": "Transcriptome analysis",
            "created_at": "2024-03-15T10:00:00Z",
            "created_by": 1
        }
    },
    {
        "model": "lab.testtype",
        "pk": 4,
        "fields": {
            "name": "Metabolomics",
            "description": "Comprehensive metabolite analysis",
            "created_at": "2024-03-15T10:00:00Z",
            "created_by": 1
        }
    },
    {
        "model": "lab.testtype",
        "pk": 5,
        "fields": {
            "name": "Proteomics",
            "description": "Protein expression analysis",
            "created_at": "2024-03-15T10:00:00Z",
            "created_by": 1
        }
    },
    {
        "model": "lab.testtype",
        "pk": 6,
        "fields": {
            "name": "Methylation Analysis",
            "description": "DNA methylation profiling",
            "created_at": "2024-03-15T10:00:00Z",
            "created_by": 1
        }
    },
    {
        "model": "lab.status",
        "pk": 1,
        "fields": {
            "name": "Pending",
            "description": "Awaiting processing",
            "created_at": "2024-03-15T10:00:00Z",
            "created_by": 1
        }
    },
    {
        "model": "lab.status",
        "pk": 2,
        "fields": {
            "name": "In Progress",
            "description": "Currently being processed",
            "created_at": "2024-03-15T10:00:00Z",
            "created_by": 1
        }
    },
    {
        "model": "lab.status",
        "pk": 3,
        "fields": {
            "name": "Completed",
            "description": "Processing completed",
            "created_at": "2024-03-15T10:00:00Z",
            "created_by": 1
        }
    },
    {
        "model": "lab.analysistype",
        "pk": 1,
        "fields": {
            "name": "Quality Control",
            "description": "Initial quality assessment",
            "created_at": "2024-03-15T10:00:00Z",
            "created_by": 1
        }
    },
    {
        "model": "lab.analysistype",
        "pk": 2,
        "fields": {
            "name": "Variant Calling",
            "description": "Identification of genetic variants",
            "created_at": "2024-03-15T10:00:00Z",
            "created_by": 1
        }
    },
    {
        "model": "lab.analysistype",
        "pk": 3,
        "fields": {
            "name": "Expression Analysis",
            "description": "Gene expression quantification",
            "created_at": "2024-03-15T10:00:00Z",
            "created_by": 1
        }
    },
    {
        "model": "lab.individual",
        "pk": 1,
        "fields": {
            "lab_id": "IND001",
            "created_at": "2024-03-15T10:00:00Z",
            "created_by": 1
        }
    },
    {
        "model": "lab.individual",
        "pk": 2,
        "fields": {
            "lab_id": "IND002",
            "created_at": "2024-03-15T10:00:00Z",
            "created_by": 1
        }
    },
    {
        "model": "lab.individual",
        "pk": 3,
        "fields": {
            "lab_id": "IND003",
            "created_at": "2024-03-15T10:00:00Z",
            "created_by": 1
        }
    },
    {
        "model": "lab.sample",
        "pk": 1,
        "fields": {
            "individual": 1,
            "sample_type": 1,
            "status": 3,
            "receipt_date": "2024-03-15",
            "created_at": "2024-03-15T10:00:00Z",
            "created_by": 1
        }
    },
    {
        "model": "lab.sample",
        "pk": 2,
        "fields": {
            "individual": 1,
            "sample_type": 2,
            "status": 3,
            "receipt_date": "2024-03-15",
            "created_at": "2024-03-15T10:00:00Z",
            "created_by": 1
        }
    },
    {
        "model": "lab.sample",
        "pk": 3,
        "fields": {
            "individual": 2,
            "sample_type": 3,
            "status": 2,
            "receipt_date": "2024-03-15",
            "created_at": "2024-03-15T10:00:00Z",
            "created_by": 1
        }
    },
    {
        "model": "lab.sample",
        "pk": 4,
        "fields": {
            "individual": 2,
            "sample_type": 4,
            "status": 2,
            "receipt_date": "2024-03-15",
            "created_at": "2024-03-15T10:00:00Z",
            "created_by": 1
        }
    },
    {
        "model": "lab.sample",
        "pk": 5,
        "fields": {
            "individual": 3,
            "sample_type": 5,
            "status": 1,
            "receipt_date": "2024-03-15",
            "created_at": "2024-03-15T10:00:00Z",
            "created_by": 1
        }
    },
    {
        "model": "lab.test",
        "pk": 1,
        "fields": {
            "sample": 1,
            "test_type": 1,
            "status": 3,
            "performed_date": "2024-03-15",
            "created_at": "2024-03-15T10:00:00Z",
            "created_by": 1,
            "performed_by": 1
        }
    },
    {
        "model": "lab.test",
        "pk": 2,
        "fields": {
            "sample": 1,
            "test_type": 2,
            "status": 3,
            "performed_date": "2024-03-15",
            "created_at": "2024-03-15T10:00:00Z",
            "created_by": 1,
            "performed_by": 1
        }
    },
    {
        "model": "lab.test",
        "pk": 3,
        "fields": {
            "sample": 2,
            "test_type": 3,
            "status": 3,
            "performed_date": "2024-03-15",
            "created_at": "2024-03-15T10:00:00Z",
            "created_by": 1,
            "performed_by": 1
        }
    },
    {
        "model": "lab.test",
        "pk": 4,
        "fields": {
            "sample": 2,
            "test_type": 4,
            "status": 2,
            "performed_date": "2024-03-15",
            "created_at": "2024-03-15T10:00:00Z",
            "created_by": 1,
            "performed_by": 1
        }
    },
    {
        "model": "lab.test",
        "pk": 5,
        "fields": {
            "sample": 3,
            "test_type": 5,
            "status": 2,
            "performed_date": "2024-03-15",
            "created_at": "2024-03-15T10:00:00Z",
            "created_by": 1,
            "performed_by": 1
        }
    },
    {
        "model": "lab.test",
        "pk": 6,
        "fields": {
            "sample": 3,
            "test_type": 6,
            "status": 2,
            "performed_date": "2024-03-15",
            "created_at": "2024-03-15T10:00:00Z",
            "created_by": 1,
            "performed_by": 1
        }
    },
    {
        "model": "lab.test",
        "pk": 7,
        "fields": {
            "sample": 4,
            "test_type": 1,
            "status": 1,
            "performed_date": "2024-03-15",
            "created_at": "2024-03-15T10:00:00Z",
            "created_by": 1,
            "performed_by": 1
        }
    },
    {
        "model": "lab.test",
        "pk": 8,
        "fields": {
            "sample": 4,
            "test_type": 2,
            "status": 1,
            "performed_date": "2024-03-15",
            "created_at": "2024-03-15T10:00:00Z",
            "created_by": 1,
            "performed_by": 1
        }
    },
    {
        "model": "lab.test",
        "pk": 9,
        "fields": {
            "sample": 5,
            "test_type": 3,
            "status": 1,
            "performed_date": "2024-03-15",
            "created_at": "2024-03-15T10:00:00Z",
            "created_by": 1,
            "performed_by": 1
        }
    },
    {
        "model": "lab.test",
        "pk": 10,
        "fields": {
            "sample": 5,
            "test_type": 4,
            "status": 1,
            "performed_date": "2024-03-15",
            "created_at": "2024-03-15T10:00:00Z",
            "created_by": 1,
            "performed_by": 1
        }
    },
    {
        "model": "lab.sampletestanalysis",
        "pk": 1,
        "fields": {
            "test": 1,
            "type": 1,
            "status": 3,
            "created_at": "2024-03-15T10:00:00Z",
            "created_by": 1
        }
    },
    {
        "model": "lab.sampletestanalysis",
        "pk": 2,
        "fields": {
            "test": 1,
            "type": 2,
            "status": 3,
            "created_at": "2024-03-15T10:00:00Z",
            "created_by": 1
        }
    },
    {
        "model": "lab.sampletestanalysis",
        "pk": 3,
        "fields": {
            "test": 2,
            "type": 1,
            "status": 3,
            "created_at": "2024-03-15T10:00:00Z",
            "created_by": 1
        }
    },
    {
        "model": "lab.sampletestanalysis",
        "pk": 4,
        "fields": {
            "test": 2,
            "type": 3,
            "status": 3,
            "created_at": "2024-03-15T10:00:00Z",
            "created_by": 1
        }
    },
    {
        "model": "lab.sampletestanalysis",
        "pk": 5,
        "fields": {
            "test": 3,
            "type": 1,
            "status": 3,
            "created_at": "2024-03-15T10:00:00Z",
            "created_by": 1
        }
    },
    {
        "model": "lab.sampletestanalysis",
        "pk": 6,
        "fields": {
            "test": 3,
            "type": 2,
            "status": 3,
            "created_at": "2024-03-15T10:00:00Z",
            "created_by": 1
        }
    },
    {
        "model": "lab.sampletestanalysis",
        "pk": 7,
        "fields": {
            "test": 4,
            "type": 1,
            "status": 2,
            "created_at": "2024-03-15T10:00:00Z",
            "created_by": 1
        }
    },
    {
        "model": "lab.sampletestanalysis",
        "pk": 8,
        "fields": {
            "test": 4,
            "type": 3,
            "status": 2,
            "created_at": "2024-03-15T10:00:00Z",
            "created_by": 1
        }
    },
    {
        "model": "lab.sampletestanalysis",
        "pk": 9,
        "fields": {
            "test": 5,
            "type": 1,
            "status": 2,
            "created_at": "2024-03-15T10:00:00Z",
            "created_by": 1
        }
    },
    {
        "model": "lab.sampletestanalysis",
        "pk": 10,
        "fields": {
            "test": 5,
            "type": 2,
            "status": 2,
            "created_at": "2024-03-15T10:00:00Z",
            "created_by": 1
        }
    },
    {
        "model": "lab.sampletestanalysis",
        "pk": 11,
        "fields": {
            "test": 6,
            "type": 1,
            "status": 2,
            "created_at": "2024-03-15T10:00:00Z",
            "created_by": 1
        }
    },
    {
        "model": "lab.sampletestanalysis",
        "pk": 12,
        "fields": {
            "test": 6,
            "type": 3,
            "status": 2,
            "created_at": "2024-03-15T10:00:00Z",
            "created_by": 1
        }
    },
    {
        "model": "lab.sampletestanalysis",
        "pk": 13,
        "fields": {
            "test": 7,
            "type": 1,
            "status": 1,
            "created_at": "2024-03-15T10:00:00Z",
            "created_by": 1
        }
    },
    {
        "model": "lab.sampletestanalysis",
        "pk": 14,
        "fields": {
            "test": 7,
            "type": 2,
            "status": 1,
            "created_at": "2024-03-15T10:00:00Z",
            "created_by": 1
        }
    },
    {
        "model": "lab.sampletestanalysis",
        "pk": 15,
        "fields": {
            "test": 8,
            "type": 1,
            "status": 1,
            "created_at": "2024-03-15T10:00:00Z",
            "created_by": 1
        }
    },
    {
        "model": "lab.sampletestanalysis",
        "pk": 16,
        "fields": {
            "test": 8,
            "type": 3,
            "status": 1,
            "created_at": "2024-03-15T10:00:00Z",
            "created_by": 1
        }
    },
    {
        "model": "lab.sampletestanalysis",
        "pk": 17,
        "fields": {
            "test": 9,
            "type": 1,
            "status": 1,
            "created_at": "2024-03-15T10:00:00Z",
            "created_by": 1
        }
    },
    {
        "model": "lab.sampletestanalysis",
        "pk": 18,
        "fields": {
            "test": 9,
            "type": 2,
            "status": 1,
            "created_at": "2024-03-15T10:00:00Z",
            "created_by": 1
        }
    },
    {
        "model": "lab.sampletestanalysis",
        "pk": 19,
        "fields": {
            "test": 10,
            "type": 1,
            "status": 1,
            "created_at": "2024-03-15T10:00:00Z",
            "created_by": 1
        }
    },
    {
        "model": "lab.sampletestanalysis",
        "pk": 20,
        "fields": {
            "test": 10,
            "type": 3,
            "status": 1,
            "created_at": "2024-03-15T10:00:00Z",
            "created_by": 1
        }
    }
] 